Name;Sex;Birth;Adress;Phone;E-mail;SNS number;CC number
AndrÃ© Veiga;Male;11/09/2002;Rua Geral;912422194;andre@gmail.com;161166413;15467761
Carlos SimÃµes;Male;12/10/1998;Rua B;976053078;carlos@outlook.pt;283202876;18710254
Maria JoÃ£o;Female;12/12/2001;Avenida 48;961515612;mary@gmail.com;192212129;21952743
Mauro Santos;Male;01/02/2005;Rua Java;916545646;ms@outlook.pt;243239521;25195232
Sara Jorge;;30/03/1988;Avenida 13Âº;961568979;sara@gmail.com;258762378;28437721
Ana Damas;Female;27/06/1965;Rua Humberto;985432056;ana.damas@gmail.com;274285236;21680210
Vitor Hugo Cavalcanti;Masculino;25/02/1952;Rua São João do Porto|222|4150-385|PORTO;953224331;953224331@gmail.com;161593120;10095830
Augusto Ramos;Masculino;24/05/1951;Rua  Grupo 10 de Maio|210|4200-315|PORTO;953224332;953224332@gmail.com;161593121;10095831
Diogo Pereira;Masculino;13/06/1951;Rua  Almoster|188|4350-28|PORTO;953224333;953224333@gmail.com;161593122;10095832
Vitor Santos;Masculino;22/02/1950;Rua  Agostinho Ricca|145|4250-159|PORTO;953224334;953224334@gmail.com;161593123;10095833
Luiz Felipe Silveira;Masculino;30/05/1953;Rua  Guadiana|487|4200-316|PORTO;953224335;953224335@gmail.com;161593124;10095834
Dr. Thomas Melo;Masculino;11/06/1954;Rua  Guedes de Azevedo|237|4000-271|PORTO;953224336;953224336@gmail.com;161593125;10095835
Clarice da Paz;Feminino;18/03/1951;Rua  Guedes de Azevedo|304|4000-273|PORTO;953224337;953224337@gmail.com;161593126;10095836
Luigi Nogueira;;21/07/1954;Rua  Guedes de Azevedo|273|4000-272|PORTO;953224338;953224338@gmail.com;161593127;10095837
Gabriel Farias;;06/05/1954;Rua  Guedes de Azevedo|248|4000-271|PORTO;953224339;953224339@gmail.com;161593128;10095838
Augusto Farias;;11/12/1953;Rua  Guedes de Azevedo|90|4049-8|PORTO;953224340;953224340@gmail.com;161593129;10095839
Thomas Nascimento;;22/12/1946;Rua  Guerra Junqueiro|84|4150-387|PORTO;953224341;953224341@gmail.com;161593130;10095840
Sra. Lorena Silveira;Feminino;26/12/1953;Rua  Guerra Junqueiro|178|4150-388|PORTO;953224342;953224342@gmail.com;161593131;10095841
Gustavo Henrique da Rosa;;14/12/1950;Rua  Guerra Junqueiro|592|4150-389|PORTO;953224343;953224343@gmail.com;161593132;10095842
Isabel Moreira;Feminino;16/01/1952;Rua  Guerra Junqueiro|341|4150-386|PORTO;953224344;953224344@gmail.com;161593133;10095843
Felipe Gonçalves;;31/12/1952;Rua  Guerra Junqueiro|268|4150-387|PORTO;953224345;953224345@gmail.com;161593134;10095844
Breno da Paz;;24/09/1952;Rua  Guerra Junqueiro|364|4169-9|PORTO;953224346;953224346@gmail.com;161593135;10095845
Natália da Cruz;;15/01/1949;Rua  Guilherme Braga|418|4150-391|PORTO;953224347;953224347@gmail.com;161593136;10095846
Miguel Teixeira;;29/12/1952;Rua  Guilherme Braga|406|4150-390|PORTO;953224348;953224348@gmail.com;161593137;10095847
Bruno Pinto;;27/07/1948;Rua  Guilherme Costa Carvalho|334|4000-274|PORTO;953224349;953224349@gmail.com;161593138;10095848
João Felipe Rezende;;10/10/1955;Praça  Guilherme Gomes Fernandes|135|4050-293|PORTO;953224350;953224350@gmail.com;161593139;10095849
Ana Júlia Ramos;Feminino;04/01/1957;Praça  Guilherme Gomes Fernandes|41|4050-294|PORTO;953224351;953224351@gmail.com;161593140;10095850
Vitor Silveira;;06/11/1953;Rua  Guilhermina Suggia|194|4200-318|PORTO;953224352;953224352@gmail.com;161593141;10095851
Daniela da Rosa;;16/11/1948;Escadas  Guindais|493|4000-277|PORTO;953224353;953224353@gmail.com;161593142;10095852
Rodrigo Moreira;;10/06/1950;Escadas  Guindais|238|4000-276|PORTO;953224354;953224354@gmail.com;161593143;10095853
João Vitor da Conceição;;21/11/1951;Rua  Alto|276|4200-36|PORTO;953224355;953224355@gmail.com;161593144;10095854
Diego Silva;;27/11/1953;Rua  Alto|436|4200-35|PORTO;953224356;953224356@gmail.com;161593145;10095855
Agatha Moreira;;08/04/1955;Rua  Guiné|528|4100-276|PORTO;953224357;953224357@gmail.com;161593146;10095856
João Guilherme Oliveira;;31/07/1952;Rua  Açores|292|4250-14|PORTO;953224358;953224358@gmail.com;161593147;10095857
Kevin Moreira;;04/03/1956;Parque  Residêncial do Lima|211|4200-26|PORTO;953224359;953224359@gmail.com;161593148;10095858
Sra. Ana da Mata;;24/04/1950;Rua  Henrique Alegria|13|4150-393|PORTO;953224360;953224360@gmail.com;161593149;10095859
Srta. Gabrielly Caldeira;;23/09/1952;Rua  Henrique Alegria|383|4150-392|PORTO;953224361;953224361@gmail.com;161593150;10095860
Sra. Ana Beatriz Gomes;;13/10/1953;Rua  Henrique Lopes de Mendonça|145|4150-394|PORTO;953224362;953224362@gmail.com;161593151;10095861
Dra. Isadora Duarte;;08/08/1948;Rua  Henrique Lopes de Mendonça|149|4150-396|PORTO;953224363;953224363@gmail.com;161593152;10095862
Pedro Silveira;;14/06/1952;Rua  Henrique Lopes de Mendonça|247|4150-395|PORTO;953224364;953224364@gmail.com;161593153;10095863
Cecí­lia Caldeira;;06/11/1954;Rua  Henrique Lopes de Mendonça|291|4150-396|PORTO;953224365;953224365@gmail.com;161593154;10095864
Melissa Ramos;;22/05/1952;Rua  Henrique Lopes de Mendonça|114|4150-394|PORTO;953224366;953224366@gmail.com;161593155;10095865
Kamilly Pinto;;17/02/1950;Rua  Henrique Lopes de Mendonça|238|4150-395|PORTO;953224367;953224367@gmail.com;161593156;10095866
Maria Dias;Feminino;05/08/1952;Rua  Henrique Pousão|27|4100-278|PORTO;953224368;953224368@gmail.com;161593157;10095867
Vitor Hugo Pinto;Masculino;18/12/1952;Rua  Heras|225|4350-196|PORTO;953224369;953224369@gmail.com;161593158;10095868
Marcelo Campos;;16/03/1953;Rua  Hernâni Torres|181|4200-320|PORTO;953224370;953224370@gmail.com;161593159;10095869
Nicole Peixoto;;07/06/1954;Rua  Heróis e Mártires de Angola|440|4000-285|PORTO;953224371;953224371@gmail.com;161593160;10095870
Daniel Novaes;;19/10/1952;Rua  Heróis de Mucaba|502|4100-279|PORTO;953224372;953224372@gmail.com;161593161;10095871
Dr. Otávio Costela;;27/09/1953;Rua  Heroísmo|586|4300-258|PORTO;953224373;953224373@gmail.com;161593162;10095872
Maria Alice Rodrigues;Feminino;10/09/1953;Rua  Heroísmo|542|4300-259|PORTO;953224374;953224374@gmail.com;161593163;10095873
Luiz Henrique Sales;;11/03/1954;Rua  Heroísmo|468|4300-255|PORTO;953224375;953224375@gmail.com;161593164;10095874
Paulo da Rosa;;04/04/1953;Rua  Heroísmo|245|4300-256|PORTO;953224376;953224376@gmail.com;161593165;10095875
Valentina Silva;Feminino;06/05/1955;Rua  Heroísmo|187|4300-254|PORTO;953224377;953224377@gmail.com;161593166;10095876
Maité Monteiro;;01/01/1954;Rua  Heroísmo|251|4300-257|PORTO;953224378;953224378@gmail.com;161593167;10095877
Maria Cecília da Conceição;;21/02/1954;Rua  Heroísmo|20|4300-253|PORTO;953224379;953224379@gmail.com;161593168;10095878
Yuri Azevedo;;21/04/1952;Rua  Heroísmo|356|4349-17|PORTO;953224380;953224380@gmail.com;161593169;10095879
Marina Rodrigues;Feminino;06/04/1952;Rua  Alto da Arrábida|314|4150-55|PORTO;953224381;953224381@gmail.com;161593170;10095880
